Timestamp,Topic,Persona,Script
2025-11-25 14:56:04,Daha hÄ±zlÄ± debug yapmak ister misin? Ä°ÅŸte sÃ¼per bir ipucu: `console.table()`! KarmaÅŸÄ±k objeleri ve dizileri anÄ±nda gÃ¶rselleÅŸtirerek hatalarÄ± bulmayÄ± kolaylaÅŸtÄ±rÄ±r. #debugging #yazÄ±lÄ±mtÃ¼yolarÄ±,yazÄ±lÄ±m mÃ¼hendisi,"## HOOK
Ã‡oÄŸu yazÄ±lÄ±mcÄ±nÄ±n bilmediÄŸi sÃ¼per debug sÄ±rrÄ± aÃ§Ä±ÄŸa Ã§Ä±ktÄ±! ğŸ¤«
## HOOK_NOTES
[Visual: ÅaÅŸkÄ±n ifadeyle ekrana yakÄ±n Ã§ekim, Audio: HeyecanlÄ± bir fÄ±sÄ±ltÄ±]

## BUILD UP
EÄŸer sen de karmaÅŸÄ±k verilerle uÄŸraÅŸmaktan bÄ±ktÄ±ysan ve saatlerini hatalarÄ± ayÄ±klamakla geÃ§iriyorsan, bu tam sana gÃ¶re. Seni bu dertten kurtaracak bir yÃ¶ntemim var.
## BUILD UP_NOTES
[Visual: Ekranda karmaÅŸÄ±k kod gÃ¶rÃ¼ntÃ¼sÃ¼, ardÄ±ndan yÃ¼zÃ¼nde rahatlama ifadesi, Audio: Empati kuran, samimi bir ton]

## CORE
Benim gibi yazÄ±lÄ±mcÄ±larÄ±n hayatÄ±nÄ± kolaylaÅŸtÄ±ran `console.table()` komutuyla tanÄ±ÅŸÄ±n!
1.  **Ne Ä°ÅŸe Yarar?** KarmaÅŸÄ±k objeleri ve dizileri tablo ÅŸeklinde gÃ¶rselleÅŸtirir. Yani iÃ§ iÃ§e geÃ§miÅŸ verileri tek tek incelemek yerine, her ÅŸeyi dÃ¼zenli bir tabloda gÃ¶rebilirsin.
2.  **NasÄ±l KullanÄ±lÄ±r?** TarayÄ±cÄ± konsolunda `console.table(deÄŸiÅŸken)` yazman yeterli. Ä°ÅŸte bu kadar basit! ğŸ¤©
3.  **Neden Bu Kadar Ä°yi?** Hata ayÄ±klama sÃ¼recini hÄ±zlandÄ±rÄ±r, okunabilirliÄŸi artÄ±rÄ±r ve karmaÅŸÄ±k veri yapÄ±larÄ±nÄ± anlamanÄ± kolaylaÅŸtÄ±rÄ±r. Kodun iÃ§indeki gizli hatalarÄ± anÄ±nda fark edebilirsin.

## CORE_NOTES
[Visual: Ekran kaydÄ± ile `console.table()` kullanÄ±mÄ±nÄ± gÃ¶ster, Audio: Net ve aÃ§Ä±klayÄ±cÄ± bir anlatÄ±m]

## CTA
Bu hayat kurtaran tÃ¼yoyu daha fazla yazÄ±lÄ±mcÄ± arkadaÅŸÄ±nÄ±n Ã¶ÄŸrenmesi iÃ§in paylaÅŸmayÄ± unutma!
## CTA_NOTES
[Visual: Ekrana doÄŸru iÅŸaret ederek ""paylaÅŸ"" butonunu gÃ¶ster, Audio: Enerjik ve davetkar bir ton]

## CAPTION
Debugging'e yeni bir soluk! âœ¨
`console.table()` ile karmaÅŸÄ±k verileri saniyeler iÃ§inde Ã§Ã¶z, zamandan tasarruf et. YazÄ±lÄ±mcÄ± dostlarÄ±na gÃ¶nder, hayatlarÄ±nÄ± kolaylaÅŸtÄ±r!
Kaydetmeyi unutma! ğŸ’¾
#yazÄ±lÄ±mmÃ¼hendisliÄŸi #debug #codetips #developer #developerlife
"
2025-11-25 13:45:33,Photoshop mu? Gereksiz! Ãœcretsiz alternatifler varken neden para Ã¶deyesin ki? Ä°ÅŸte favori Ã¼cretsiz editÃ¶rlÃ¼k araÃ§larÄ±m... Sence hangisi daha iyi?,editÃ¶r,"## HOOK
Photoshop'a para mÄ± verilir? ğŸ¤¯ Bedava varken?
## HOOK_NOTES
[Visual: ÅaÅŸkÄ±n ifadeyle yakÄ±n Ã§ekim, Audio: YÃ¼ksek ses tonu, ÅŸaÅŸkÄ±n]

## BUILD UP
SÃ¼rekli duyuyorum ""Photoshop ÅŸart, baÅŸka yolu yok"" diye. Yok Ã¶yle bir ÅŸey! Tembellik yapÄ±p araÅŸtÄ±rmayanlar konuÅŸuyor sadece. ğŸ˜‰
## BUILD UP_NOTES
[Visual: Ekran kaydÄ± Ã¶rnek Photoshop arayÃ¼zÃ¼, Audio: Biraz alaycÄ± ama enerjik]

## CORE
Ä°ÅŸte benim favori Ã¼cretsiz editÃ¶rlÃ¼k araÃ§larÄ±m:
1.  **GIMP:** Photoshop'un neredeyse aynÄ±sÄ±. ArayÃ¼zÃ¼ biraz eski sadece.
2.  **Photopea:** TarayÄ±cÄ±da Ã§alÄ±ÅŸÄ±r, indirmeye gerek yok. Acil durumlarda can kurtarÄ±r!
3.  **Canva:** TasarÄ±m ÅŸablonlarÄ±yla dolu. Sosyal medya iÃ§erikleri iÃ§in ideal.
## CORE_NOTES
[Visual: Her bir araÃ§ iÃ§in ekran gÃ¶rÃ¼ntÃ¼sÃ¼ ve kÄ±sa demo, Text: AraÃ§larÄ±n isimleri ve kÄ±sa aÃ§Ä±klamalarÄ± ekranda]

## CTA
Sence hangisi daha iyi? Yorumlarda yaz! ğŸ‘‡ Ve daha fazla Ã¼cretsiz araÃ§ iÃ§in takip et! ğŸ˜‰
## CTA_NOTES
[Visual: AÅŸaÄŸÄ±yÄ± iÅŸaret eden animasyon, Audio: Davetkar ve enerjik]

## CAPTION
Photoshop'a veda et! ğŸ‘‹
Ãœcretsiz alternatiflerle hem cebini koru, hem de harika iÅŸler Ã§Ä±kar. Favori araÃ§larÄ±nÄ± yorumlarda paylaÅŸmayÄ± unutma!
Takip et ve daha fazla Ã¼cretsiz iÃ§erik iÃ§in bildirimleri aÃ§! ğŸ””
#Ã¼cretsiz #photoshopalternatifleri #gimp #photopea #canva
"
